Length_mm,Weight_g,Thickness_mm,Density_g_cm3
117.45,321.61,11.41,7.24
107.93,288.31,10.72,7.66
119.72,300.48,11.58,7.83
132.85,319.17,13.13,8.76
106.49,280.18,9.7,8.22
106.49,274.09,10.76,7.47
133.69,352.12,13.37,8.19
121.51,316.48,11.74,7.38
102.96,278.39,10.63,8.43
118.14,284.64,12.28,7.81
103.05,283.97,9.5,7.96
103.01,261.49,9.92,8.53
113.63,325.58,10.98,7.49
81.3,189.47,7.66,7.44
84.13,245.03,8.83,7.77
101.57,257.87,10.06,8.42
94.81,223.99,9.35,7.39
114.71,277.11,10.47,6.87
96.38,234.54,9.96,7.82
88.82,230.52,8.26,8.22
131.98,340.42,13.23,8.48
106.61,255.06,10.8,7.81
111.01,277.05,11.78,7.84
88.63,264.42,8.21,8.46
101.83,289.14,8.67,7.25
111.66,287.89,11.26,7.84
92.74,232.6,10.17,8.08
115.64,291.49,12.18,8.18
100.99,264.75,10.2,7.8
105.62,243.61,10.32,8.01
100.97,247.29,10.5,7.0
137.78,311.09,13.29,7.74
109.8,282.48,11.22,8.18
94.13,248.28,9.67,7.61
122.34,296.18,12.76,8.02
91.69,260.7,10.55,8.18
113.13,258.32,11.51,7.86
80.6,172.22,7.81,8.07
90.08,229.68,8.99,7.61
112.95,303.32,10.41,7.92
121.08,336.37,11.76,8.24
112.57,272.25,11.05,8.06
108.27,292.24,10.56,7.77
105.48,262.94,10.62,8.09
87.82,216.1,8.37,8.29
99.2,265.68,10.48,7.18
103.09,270.77,10.31,8.46
125.86,283.11,12.58,7.87
115.15,317.42,11.35,8.17
83.55,236.49,8.43,8.48
114.86,274.64,11.9,7.45
104.22,268.48,9.99,7.72
99.85,259.5,9.66,7.88
119.18,303.15,11.77,7.69
125.46,302.66,11.87,8.69
123.97,296.49,11.99,7.66
97.41,243.02,9.5,7.78
105.36,286.86,10.97,8.08
114.97,298.29,11.63,7.52
124.63,304.17,12.56,7.84
102.81,272.46,10.71,8.13
107.22,211.07,10.65,7.87
93.4,256.49,9.54,7.96
92.06,195.35,9.15,7.79
122.19,298.22,12.35,7.39
130.34,303.47,12.74,8.13
108.92,246.41,9.67,8.7
125.05,335.85,12.44,8.01
115.42,279.21,12.25,8.09
100.32,257.74,10.5,8.28
115.42,287.61,12.02,7.49
133.07,342.22,13.93,8.68
109.46,275.19,10.99,8.08
133.47,308.01,13.45,8.65
70.7,196.68,6.76,7.71
122.33,295.95,12.07,8.73
111.31,247.13,11.44,8.31
105.51,255.22,11.15,8.22
111.38,308.46,11.07,8.09
80.19,217.47,7.79,7.9
106.7,259.79,10.67,8.48
115.36,281.41,11.84,8.06
132.17,323.99,12.49,7.21
102.23,297.1,9.07,7.55
97.87,252.32,9.51,7.93
102.47,264.78,9.64,8.12
123.73,329.93,12.12,7.98
114.93,292.1,11.42,8.49
102.05,249.95,9.98,7.22
117.7,290.32,12.5,8.06
111.46,277.21,11.31,7.27
124.53,310.58,12.6,8.3
99.47,263.23,10.26,7.96
105.09,263.75,9.94,8.17
104.12,274.95,10.93,7.65
88.05,218.5,8.77,8.51
114.44,287.68,11.78,8.42
113.92,244.83,10.86,8.23
110.08,293.52,10.23,7.95
106.48,273.13,11.06,8.23
88.77,241.88,9.07,7.72
103.69,201.3,9.92,8.34
104.86,303.92,10.05,8.66
97.97,242.12,10.36,8.43
107.58,291.12,10.16,7.71
116.06,269.35,12.43,8.14
138.29,357.99,13.38,7.48
112.62,260.48,11.58,8.23
113.86,272.18,11.22,8.18
108.88,310.49,11.19,7.25
81.22,199.23,7.85,7.54
109.6,278.35,10.88,7.89
110.9,294.66,11.11,7.88
146.95,377.29,14.19,7.52
107.11,270.79,11.08,8.16
114.52,293.61,11.2,8.1
109.48,321.77,10.83,7.92
92.47,230.02,8.75,7.7
127.14,321.88,11.43,8.42
121.28,324.21,12.03,8.66
121.87,326.77,13.39,7.81
96.36,264.64,10.03,7.76
131.04,340.38,13.09,8.2
88.97,199.57,8.77,7.86
118.8,329.68,11.89,7.94
142.86,334.22,14.56,8.3
95.14,243.91,8.92,7.24
101.51,238.68,10.71,8.53
111.49,277.45,11.51,8.03
102.45,262.69,10.6,7.84
86.74,223.28,8.89,7.96
111.03,286.01,11.11,7.98
94.07,267.44,9.74,7.31
117.1,301.83,12.01,8.6
96.21,235.64,9.44,8.02
133.25,352.4,13.04,8.18
98.25,269.42,9.88,8.38
105.17,238.37,11.29,7.59
122.2,317.45,11.6,8.19
91.54,242.87,8.42,7.89
113.41,277.58,11.42,8.34
129.61,351.53,12.99,7.15
85.89,211.72,8.68,7.96
112.77,284.44,11.4,7.76
113.9,281.28,11.28,8.17
121.73,304.63,12.92,8.19
91.45,206.69,8.34,7.72
90.19,196.68,8.61,7.72
117.83,326.46,11.73,7.96
114.45,269.2,10.62,7.64
113.76,264.57,11.29,8.34
115.2,244.92,12.35,7.85
99.8,236.72,9.99,6.84
113.48,257.25,11.46,7.85
114.4,318.83,10.81,7.58
99.28,268.41,9.62,7.35
137.99,331.2,13.61,7.51
117.11,337.82,11.55,8.04
92.13,249.96,9.85,8.53
119.85,293.12,12.26,8.13
95.38,188.46,8.98,7.76
121.81,350.33,12.3,8.18
127.38,290.66,12.99,7.82
97.69,211.32,10.34,7.72
124.45,331.58,13.24,7.54
116.19,339.27,11.11,7.3
122.33,333.51,11.83,7.84
138.45,357.41,13.22,8.06
106.32,277.69,10.51,7.96
98.69,263.8,10.1,7.83
96.66,256.82,10.16,7.62
97.76,250.03,9.74,8.24
108.84,274.19,10.72,7.47
115.12,286.54,11.59,8.31
114.15,270.3,11.0,7.6
122.41,300.41,13.29,7.7
110.2,241.63,10.22,7.41
131.8,327.54,13.27,7.8
106.03,245.3,11.61,8.39
150.8,354.93,15.08,8.21
119.39,302.06,11.84,8.39
97.14,270.7,9.54,8.21
93.94,253.21,9.3,7.56
117.24,261.68,12.41,7.87
106.65,246.83,9.56,7.69
120.71,320.59,12.84,8.53
117.1,273.1,11.0,7.52
108.91,267.78,10.76,8.36
97.3,254.25,9.52,8.36
87.28,198.83,9.02,8.73
103.3,260.36,9.53,7.84
122.85,280.43,12.52,8.28
113.21,271.0,12.33,8.91
91.31,234.68,8.45,7.75
112.6,249.63,11.35,7.39
115.78,298.26,11.25,7.25
96.74,241.46,9.89,8.29
112.31,291.81,11.24,7.25
110.87,281.66,10.77,7.85
92.86,259.42,9.53,8.17
115.37,290.92,12.44,8.07
118.41,287.44,11.75,8.17
126.25,318.06,12.98,8.09
125.81,325.38,11.93,8.51
89.33,224.31,8.46,7.62
95.93,240.64,9.83,7.73
117.73,280.27,12.51,7.69
117.71,281.01,11.95,8.33
117.73,266.26,11.62,8.36
167.79,454.47,16.78,8.18
118.56,271.53,11.23,8.47
127.03,303.73,13.01,7.53
124.31,296.41,12.87,8.67
119.77,317.33,11.75,8.61
105.27,257.28,10.29,8.29
121.38,328.42,12.27,8.71
98.41,232.55,9.62,7.34
106.45,271.7,10.61,7.79
102.72,240.09,11.32,7.71
111.23,320.97,11.0,8.29
144.72,338.05,14.29,7.58
81.99,211.17,7.88,8.3
120.29,313.41,12.4,8.55
85.81,222.8,8.49,8.28
102.92,253.6,9.97,8.11
126.33,313.24,13.29,7.6
110.96,278.29,11.81,7.66
93.83,231.64,9.08,8.5
99.27,267.45,8.99,8.31
120.19,344.7,12.52,7.98
99.04,236.46,9.56,7.83
113.25,255.72,11.72,7.19
110.68,274.94,10.08,7.57
100.23,302.16,10.47,8.76
142.16,339.32,13.61,7.49
119.51,331.55,12.32,8.08
79.62,232.61,7.97,8.4
112.8,270.92,10.8,7.5
100.07,261.56,9.8,8.07
122.79,339.53,12.62,8.38
98.11,237.7,9.86,8.0
108.28,266.63,11.12,9.15
117.57,282.3,12.75,7.33
122.99,287.17,11.52,8.42
92.0,217.0,10.01,7.93
104.98,237.98,10.55,8.31
102.88,257.87,9.84,8.18
100.2,235.1,9.35,7.71
136.48,345.88,13.55,8.09
116.07,259.07,12.07,7.26
91.09,234.33,9.04,8.24
123.77,326.09,13.13,8.12
141.83,314.71,13.46,8.26
125.49,321.2,12.54,8.42
87.21,242.58,8.09,8.15
102.74,232.65,10.46,8.06
129.0,355.96,13.34,7.65
99.38,256.84,9.73,7.72
116.66,277.54,10.36,8.47
121.62,302.93,12.26,8.57
96.1,251.41,9.83,7.9
109.11,274.29,11.11,8.02
61.38,164.23,6.76,7.64
94.63,218.17,8.93,8.47
106.21,268.92,10.96,8.27
91.28,199.93,9.72,8.78
134.49,333.99,12.56,7.65
88.55,203.29,9.01,7.85
103.4,243.79,10.09,8.09
111.96,304.62,11.16,8.26
131.62,350.87,13.34,7.91
88.46,233.34,8.6,7.65
127.45,296.77,12.41,8.35
110.15,269.06,11.03,8.29
95.28,262.46,8.98,7.63
116.93,295.16,11.15,8.54
112.99,328.85,11.64,8.47
101.0,260.36,9.53,8.05
111.05,281.46,11.44,8.03
104.22,254.37,10.65,8.22
111.7,281.93,10.31,7.66
119.93,296.78,11.65,8.01
133.79,348.64,13.98,7.14
91.43,247.72,8.65,8.35
142.0,339.27,13.97,7.38
80.72,175.17,8.3,8.6
107.72,232.58,11.16,7.87
118.82,307.22,11.76,7.92
114.21,263.47,11.12,7.75
100.66,208.59,10.78,7.88
106.88,274.97,11.56,8.57
102.6,306.37,10.75,7.0
101.16,252.78,10.16,8.51
122.74,323.63,11.87,8.14
115.36,290.02,11.12,7.52
99.61,247.04,10.22,7.57
123.49,327.12,12.56,8.67
114.61,280.72,12.16,7.62
122.19,310.83,12.54,7.54
119.44,305.05,11.19,8.45
97.57,230.55,10.28,8.14
101.6,273.83,9.66,7.62
121.21,299.52,11.93,8.09
119.16,282.77,12.04,7.59
109.69,284.95,11.97,8.44
111.76,261.43,12.73,8.42
129.16,323.48,13.22,8.21
101.13,252.63,10.02,8.14
118.21,317.23,12.09,8.7
106.97,276.91,11.14,8.0
106.73,266.34,10.51,7.53
126.48,332.56,13.55,8.18
122.38,333.76,12.35,8.83
122.2,316.66,12.47,7.59
129.58,324.16,13.29,7.86
110.32,249.55,11.24,8.17
120.23,279.27,12.44,7.98
105.35,257.26,10.23,7.61
114.86,274.97,11.21,8.45
108.05,266.38,10.25,8.93
111.45,279.77,11.37,8.08
118.93,307.91,12.28,7.64
97.73,242.91,10.0,7.38
141.39,363.19,14.98,8.1
94.91,238.56,9.49,8.44
91.79,189.96,9.51,8.19
127.37,299.64,12.19,8.0
121.87,301.81,11.99,7.76
119.36,274.21,12.28,7.56
119.43,310.56,12.37,8.33
109.82,305.16,10.83,8.37
96.54,265.73,9.62,7.38
111.14,273.57,10.35,8.64
99.84,279.42,9.81,8.23
124.63,314.54,12.91,8.56
107.79,262.74,11.07,7.46
97.62,231.78,10.01,7.45
105.18,256.9,10.54,7.94
116.19,282.72,11.62,8.2
101.54,257.27,9.82,8.72
97.67,247.38,10.12,8.28
113.66,284.2,11.58,7.9
113.67,292.93,11.61,7.59
102.4,279.8,9.98,8.49
102.93,276.33,9.22,7.61
113.48,254.0,11.9,8.65
88.28,169.62,8.59,7.89
88.89,240.91,8.46,8.64
99.22,220.72,10.27,8.27
106.8,262.5,10.48,7.95
114.66,263.26,12.0,7.79
132.13,294.29,13.52,7.86
122.86,317.99,12.63,8.17
107.6,284.19,10.08,8.03
109.71,262.76,11.58,7.76
94.96,185.58,9.63,7.93
109.72,263.38,10.79,8.03
105.67,272.01,10.64,7.15
114.84,257.52,10.6,8.18
97.59,247.65,9.96,7.61
117.79,294.17,11.26,7.54
132.99,344.06,12.62,7.33
108.37,273.31,10.08,7.28
116.03,270.6,12.16,7.46
120.35,324.81,11.72,7.72
103.98,256.78,11.17,8.78
113.36,282.86,11.07,7.79
110.19,256.81,10.17,8.07
111.47,269.8,10.59,8.16
98.4,228.32,10.46,8.05
110.37,272.46,10.96,7.97
117.47,327.91,11.47,7.52
131.77,301.98,13.26,8.58
124.39,278.7,12.69,8.72
142.3,385.17,14.79,7.33
98.49,242.04,10.57,7.59
123.08,294.33,12.13,7.89
112.75,302.67,10.61,7.61
142.85,345.01,14.08,8.2
97.88,281.21,9.92,7.71
97.4,257.07,9.26,8.87
101.01,242.76,9.62,8.48
78.14,238.5,7.99,8.09
102.11,243.17,10.19,8.41
98.61,261.37,9.88,8.44
112.26,286.63,10.85,7.77
115.13,313.85,11.4,7.67
138.14,376.59,13.35,8.03
124.26,311.28,12.87,8.34
101.35,238.3,10.65,8.06
96.52,250.51,8.73,7.37
117.38,279.89,11.27,7.68
90.2,265.76,8.27,7.97
137.47,346.41,13.42,7.97
127.69,311.92,12.73,8.79
102.96,261.1,9.57,7.45
84.3,183.81,7.97,8.2
130.31,306.34,12.53,8.6
108.28,294.71,10.93,8.91
128.57,308.28,12.89,7.84
86.08,194.27,8.25,8.2
101.01,263.26,10.19,8.23
110.08,298.91,10.73,8.08
110.7,291.14,10.93,7.96
103.25,278.04,11.16,8.17
119.34,283.22,12.6,6.99
93.99,206.53,8.75,8.27
107.86,299.69,11.2,8.05
111.8,273.06,11.59,7.91
117.72,289.27,11.2,8.82
120.67,328.25,12.48,7.73
93.13,243.95,10.08,7.84
86.99,226.59,8.14,8.8
129.17,366.21,12.46,7.67
114.98,274.59,12.01,7.78
98.77,265.49,10.01,7.94
133.27,334.31,13.6,8.34
111.74,284.71,11.34,8.08
127.69,349.79,12.96,7.48
111.01,287.69,10.44,7.79
140.91,363.04,14.61,7.76
136.33,362.28,14.22,7.97
106.27,258.36,10.51,8.17
124.57,294.65,12.44,8.17
119.68,278.31,11.2,7.29
130.53,287.0,13.31,8.43
95.53,279.94,9.84,8.1
120.29,278.66,12.0,8.55
125.88,310.27,13.15,8.18
83.62,203.51,8.19,8.44
92.25,236.78,9.51,8.19
79.41,214.84,7.43,8.54
105.96,282.11,10.58,8.21
120.76,290.25,11.99,7.96
132.54,328.0,13.37,8.91
111.11,283.43,10.93,8.36
134.43,331.1,13.38,8.23
89.3,255.39,9.34,7.49
84.45,220.94,8.23,7.48
109.17,287.61,10.11,8.12
115.76,302.66,12.45,8.06
109.51,297.24,11.64,7.75
78.99,201.09,7.25,8.06
108.66,245.72,11.21,8.64
90.43,234.08,8.79,8.28
120.05,287.09,12.14,7.54
115.5,278.18,11.7,7.96
95.9,251.48,9.47,7.68
102.29,280.5,9.84,7.84
94.11,235.7,9.07,7.83
109.06,278.83,10.45,7.81
124.33,344.86,12.02,7.5
95.21,242.85,9.49,7.95
117.56,345.94,11.4,7.78
102.05,266.43,10.55,6.83
98.11,210.05,10.55,8.82
108.39,286.05,10.55,8.44
94.47,243.8,9.57,7.85
101.7,280.03,10.42,8.01
92.03,243.54,9.44,7.53
139.47,345.91,13.99,8.68
110.53,251.84,11.42,8.76
99.5,244.58,10.19,8.06
113.21,266.01,10.7,8.41
108.32,259.18,11.27,8.07
106.69,278.49,11.11,7.47
119.21,331.43,11.54,7.84
121.36,311.3,12.16,8.05
102.04,231.19,10.55,7.82
101.36,262.3,10.03,7.91
105.87,288.62,11.12,7.96
75.47,176.48,8.73,7.97
87.27,215.5,8.33,8.02
130.5,326.55,12.36,7.58
134.67,320.99,13.62,7.71
106.26,278.63,10.99,7.49
118.65,294.2,11.75,8.39
114.67,295.06,12.19,7.16
156.18,372.71,14.95,8.46
126.79,308.23,13.03,8.55
108.08,284.65,10.51,7.88
95.67,231.71,10.43,6.96
85.9,249.3,9.59,7.86
113.05,274.64,10.92,7.97
98.65,251.13,9.59,7.6
88.67,240.32,9.3,7.79
100.3,222.39,9.84,8.61
93.78,199.23,9.35,8.27
135.31,307.75,13.54,7.63
123.22,333.31,11.36,7.36
109.88,263.66,10.98,7.87
132.2,381.66,12.88,7.91
111.16,266.62,10.87,8.2
97.08,246.39,10.43,7.79
132.85,362.96,12.66,8.2
118.08,335.33,12.21,8.77
94.44,277.33,9.3,8.33
107.14,292.03,10.57,7.98
96.87,262.65,10.08,7.93
89.26,235.0,9.1,7.86
123.89,325.3,12.67,8.47
138.64,335.58,14.35,7.75
89.02,206.19,8.74,8.02
118.44,296.04,11.54,8.02
100.24,247.2,9.48,7.8
102.69,247.67,9.86,7.45
101.11,266.71,11.59,8.13
97.04,261.71,10.33,7.98
110.73,278.59,10.4,8.2
97.54,273.39,9.09,7.79
114.06,262.31,11.65,8.49
109.25,269.24,11.2,7.65
106.42,251.7,10.92,8.68
96.39,203.64,9.51,7.3
101.35,251.72,10.07,8.17
121.33,300.89,12.3,8.19
117.51,324.05,11.79,7.68
95.34,250.96,8.42,8.17
111.49,258.24,11.03,8.51
121.27,340.26,11.7,7.11
84.96,236.82,8.58,8.2
118.15,307.02,13.31,7.0
100.06,245.62,10.19,7.61
118.56,277.21,11.7,8.65
98.55,238.93,10.32,7.77
82.93,229.09,8.53,7.53
85.59,251.66,8.77,7.92
110.72,307.67,11.38,8.83
113.9,274.96,12.42,7.27
96.44,218.7,9.08,7.58
119.58,301.76,12.19,8.6
85.08,177.32,8.04,8.74
109.01,278.99,11.18,7.96
91.83,226.63,8.72,7.5
100.22,241.24,9.81,8.84
110.71,244.88,10.92,8.64
97.09,253.01,10.2,8.27
104.23,249.93,10.88,7.68
125.09,289.34,11.89,7.98
101.35,195.92,10.16,7.94
122.54,305.79,11.9,8.13
93.05,268.08,8.68,8.58
117.95,328.09,11.69,8.35
131.62,319.92,13.01,7.57
72.93,170.27,8.51,8.55
98.05,254.49,10.02,8.13
118.66,276.67,11.18,8.27
106.95,273.42,10.41,8.59
115.57,304.24,12.07,7.56
100.94,276.89,11.14,7.99
111.3,276.24,10.34,7.79
107.66,265.09,9.83,7.37
127.52,301.23,13.69,8.14
113.82,268.0,11.58,9.0
115.06,283.13,11.07,7.26
103.82,266.9,10.65,7.99
102.69,274.99,8.95,8.26
103.51,242.72,10.35,8.05
115.92,319.65,11.76,7.95
103.69,253.79,10.83,7.48
114.35,285.44,10.93,8.09
141.13,337.88,14.16,7.7
123.07,259.18,11.84,7.12
105.11,280.46,10.64,8.48
128.02,334.78,12.35,8.38
103.88,254.07,10.18,8.02
79.43,199.91,7.44,8.09
94.88,247.52,9.81,8.43
81.94,173.59,8.62,8.09
104.73,251.24,10.36,8.36
110.28,291.58,11.05,7.88
135.15,312.78,12.79,8.52
114.9,293.13,11.34,8.13
106.71,239.65,10.65,8.08
122.44,315.43,13.55,7.49
76.83,191.37,7.13,8.11
113.53,251.53,12.09,7.67
121.56,327.2,12.65,7.74
87.82,204.86,8.92,7.67
127.16,301.69,13.59,7.57
115.08,291.7,11.69,8.85
103.77,282.4,10.57,8.53
119.49,278.41,11.92,8.77
144.06,361.38,15.02,7.51
112.73,290.4,11.82,8.03
113.72,298.17,11.06,7.48
103.11,261.3,9.65,7.72
97.25,235.79,9.62,7.63
122.46,289.59,11.85,8.5
97.16,244.62,9.68,7.84
111.07,256.24,11.73,8.43
102.84,198.66,10.05,8.24
117.18,301.69,11.7,8.92
115.0,305.59,11.53,7.41
125.56,266.65,12.98,8.5
102.35,235.68,9.11,8.46
105.95,277.26,10.29,7.61
95.32,279.45,9.64,8.4
103.34,258.75,10.93,8.13
115.66,274.59,11.32,7.91
121.35,299.73,11.2,7.67
96.17,267.92,9.93,7.71
123.04,294.69,11.99,8.82
130.33,309.85,12.44,8.0
116.2,280.85,11.31,8.31
138.15,326.31,13.72,7.68
98.39,248.44,9.54,7.69
91.33,260.82,8.03,8.43
83.32,214.76,8.78,7.46
132.44,326.05,13.88,7.83
119.82,293.7,12.31,8.01
109.17,241.65,10.35,8.04
114.2,303.16,11.32,7.93
93.12,231.24,9.31,8.16
146.69,363.11,14.97,8.28
111.94,343.71,11.53,8.29
111.64,285.08,10.8,7.61
120.89,287.18,12.13,7.89
117.22,284.51,11.95,8.48
113.36,306.36,12.06,8.36
98.14,247.62,10.17,7.45
117.07,263.91,12.1,8.14
138.23,363.96,13.86,7.21
130.18,312.09,13.72,8.02
133.9,372.21,13.59,8.76
102.33,277.43,9.8,7.62
95.16,228.94,10.22,7.67
108.11,295.9,11.16,8.31
110.84,278.45,10.86,7.38
126.41,333.09,12.4,7.75
84.61,221.23,8.61,8.24
132.94,315.43,13.53,7.75
107.63,256.2,10.86,7.91
103.6,279.59,10.52,8.3
94.82,230.35,10.33,8.17
85.18,204.87,9.05,8.11
122.35,286.77,12.33,7.86
111.1,286.22,11.58,8.15
90.65,267.88,8.55,7.95
90.57,205.08,9.26,8.18
104.96,262.89,11.4,7.8
135.04,365.83,13.39,7.93
106.11,263.67,10.19,7.6
87.45,227.68,8.42,7.99
106.31,244.54,10.09,7.68
105.91,273.34,10.2,7.55
69.55,170.12,6.77,8.1
109.19,292.68,10.22,8.09
106.54,290.09,10.66,8.31
120.44,352.9,12.5,7.83
137.73,355.93,13.32,8.16
126.9,323.76,13.45,8.22
105.97,268.8,10.85,8.18
93.4,226.44,9.86,7.67
148.6,378.27,14.53,8.06
110.89,271.31,11.52,8.15
110.21,278.89,10.47,8.0
109.64,300.45,11.41,7.17
112.97,262.3,11.38,8.06
107.83,292.38,11.06,8.89
101.4,279.83,9.55,7.86
101.8,252.13,9.73,7.71
109.51,231.33,11.25,8.15
101.85,242.47,9.71,8.12
99.31,274.21,10.16,8.48
111.6,278.53,10.48,7.5
106.18,245.45,11.04,8.29
132.56,321.3,12.64,8.24
70.24,192.4,7.3,7.94
126.37,326.87,12.95,8.14
128.69,316.95,12.52,8.41
78.9,189.91,8.18,8.35
104.86,254.31,10.62,7.54
104.43,242.62,10.17,8.33
88.89,254.53,8.38,7.97
98.33,239.39,8.85,8.03
93.34,257.7,9.51,8.03
136.28,371.14,12.85,7.94
124.04,330.05,12.45,8.48
129.07,314.05,12.78,7.97
120.83,310.14,12.42,7.55
93.06,232.18,9.16,7.84
102.13,237.26,10.05,8.07
117.34,299.84,12.1,8.49
91.67,205.59,9.33,8.24
120.69,325.49,12.23,7.66
106.4,256.7,10.87,8.99
104.38,264.97,9.67,8.11
120.66,307.33,12.44,8.51
116.66,286.48,11.97,7.94
104.59,273.2,9.95,8.21
127.39,308.98,12.62,8.34
93.78,251.89,9.36,8.49
119.24,271.18,11.86,8.42
118.9,299.77,12.06,8.35
105.36,302.17,11.25,7.87
114.89,267.22,12.03,7.77
91.23,214.53,8.47,8.13
123.86,319.93,12.7,8.37
107.23,271.66,11.39,7.91
102.16,262.41,10.41,8.43
125.74,324.12,13.12,8.58
99.43,261.28,10.95,7.63
88.87,244.38,9.4,7.67
86.65,224.82,8.79,7.94
119.09,292.9,12.43,8.12
90.79,240.44,9.15,7.79
136.32,378.8,13.64,8.54
78.77,194.27,7.7,8.17
135.45,319.13,14.33,8.02
113.17,305.05,10.91,7.43
108.55,268.97,11.62,7.47
101.83,211.11,10.43,8.11
115.99,306.92,10.9,7.15
109.44,262.88,11.13,8.41
126.55,314.56,11.6,7.94
111.71,285.92,11.48,9.3
112.25,284.45,11.67,8.92
104.55,275.55,10.16,7.93
109.15,264.15,10.98,7.96
114.62,296.8,12.44,8.4
84.35,205.68,8.18,8.68
89.78,239.22,8.45,7.34
121.15,315.18,12.86,7.29
112.56,262.7,12.24,7.75
107.24,289.82,10.73,8.23
110.28,264.97,11.53,8.2
115.21,304.2,12.19,8.43
101.9,262.1,9.82,7.52
98.33,282.58,9.59,7.07
112.94,277.87,11.91,8.34
95.32,231.32,10.37,7.67
116.12,289.92,11.89,7.19
84.46,205.09,8.01,8.06
125.44,329.59,13.54,8.32
117.09,260.4,11.44,7.95
113.84,263.53,11.22,7.82
124.74,290.49,12.65,7.94
134.98,356.46,14.28,7.85
125.22,347.25,12.95,7.46
82.39,203.88,8.45,7.71
90.81,223.64,9.31,8.21
100.63,252.97,10.08,8.13
110.39,299.22,11.32,8.07
117.76,275.87,10.51,7.6
99.11,252.55,9.76,7.93
112.8,301.51,11.4,7.13
98.67,256.7,9.29,8.07
100.83,255.86,10.28,8.57
88.9,242.27,8.79,7.41
96.15,186.31,10.49,7.77
89.72,237.87,9.76,8.13
95.36,225.32,9.3,8.5
125.8,277.9,12.51,7.82
95.76,249.62,9.54,7.72
149.49,401.19,14.72,7.21
117.4,290.75,11.84,8.04
112.77,300.99,10.9,8.82
97.12,275.06,9.15,8.11
120.5,327.56,12.36,7.99
101.37,286.21,10.45,8.13
111.83,294.42,10.78,8.0
148.4,372.51,15.29,7.67
108.56,239.36,10.54,8.33
127.24,313.18,12.85,8.09
99.45,231.77,10.36,8.01
109.48,317.11,10.93,7.61
136.56,337.89,13.88,8.52
100.6,253.95,9.8,8.27
137.19,354.0,13.62,7.78
120.62,302.41,11.96,8.4
101.56,287.81,9.78,7.8
119.49,286.26,11.86,7.69
124.59,315.36,11.68,7.7
119.33,283.47,11.69,7.29
86.45,189.72,8.5,8.19
99.09,235.5,9.78,7.27
106.29,264.98,10.51,7.51
108.88,263.62,10.86,7.17
119.31,284.43,12.17,7.97
112.67,253.54,11.7,7.94
89.97,223.26,8.67,7.87
115.7,259.16,10.97,7.58
119.16,313.1,11.39,7.53
118.4,297.64,11.6,8.19
126.21,286.38,12.45,7.78
122.51,300.09,11.87,8.13
116.89,277.18,11.04,7.65
108.95,278.75,10.67,8.07
85.09,239.52,8.6,8.52
116.44,253.61,11.94,8.23
113.12,285.09,11.03,7.84
114.07,281.98,11.2,8.1
90.85,240.55,8.62,7.9
93.78,238.72,9.36,8.0
125.8,299.45,12.16,7.87
109.41,267.14,11.23,7.93
120.22,284.64,11.13,8.08
110.42,297.58,10.86,7.6
110.45,276.54,11.2,7.59
124.07,348.21,12.5,7.44
102.26,254.44,11.57,7.36
111.44,264.44,11.32,7.51
103.07,227.39,9.8,8.06
103.48,222.64,10.3,7.64
105.36,231.72,9.65,8.21
113.33,288.67,11.29,8.01
102.82,267.22,9.87,7.21
128.84,290.47,13.34,8.26
96.58,259.35,9.38,8.32
107.2,258.33,10.66,7.6
103.4,261.45,10.02,8.17
131.7,361.51,14.04,7.66
112.95,300.31,11.13,8.04
125.48,308.32,13.46,7.49
87.72,201.47,9.18,7.28
114.01,241.98,11.64,7.85
123.34,293.98,12.52,7.95
111.23,273.86,11.32,7.84
125.98,295.21,11.63,7.53
102.24,252.98,10.08,7.84
131.14,329.39,13.54,8.11
144.48,356.71,14.42,7.98
104.56,248.39,9.75,8.07
103.32,261.67,10.31,7.73
131.8,338.34,14.03,8.47
133.69,312.43,13.99,7.53
102.16,283.61,10.18,8.2
103.7,257.27,10.85,8.47
105.77,264.81,10.39,8.19
89.83,238.75,8.13,7.92
96.22,245.21,9.16,7.79
94.94,256.41,10.28,8.41
98.48,251.95,9.71,7.43
109.48,261.45,10.83,7.61
113.51,291.01,11.2,7.84
133.26,310.27,14.28,8.5
95.02,239.73,10.32,8.15
124.76,311.25,13.59,7.61
106.79,262.81,10.6,7.88
109.26,270.57,11.07,7.75
120.12,262.67,11.25,7.72
93.16,221.92,10.05,8.39
115.74,291.2,10.99,7.45
112.5,284.44,11.36,8.64
117.39,272.91,11.19,8.33
114.34,311.16,11.14,8.44
146.83,349.75,14.26,7.81
100.43,270.47,9.74,7.94
102.04,263.63,9.93,7.43
100.65,238.71,9.79,7.79
101.67,289.68,10.58,8.2
100.44,227.23,9.49,8.52
127.84,337.97,12.89,7.56
131.31,348.28,13.74,7.85
101.44,240.18,9.89,7.94
97.51,271.64,9.39,7.44
117.07,287.68,11.59,8.24
101.72,260.07,10.76,7.71
119.49,303.94,12.05,7.92
113.04,279.92,11.04,7.82
87.26,234.38,8.97,7.68
133.21,348.9,12.77,8.0
136.94,307.37,14.03,7.91
100.81,278.11,10.29,7.85
104.18,227.21,10.26,7.71
114.29,306.37,11.01,8.13
115.02,310.08,11.06,8.66
119.88,277.88,12.26,8.06
140.15,342.17,14.63,8.4
107.35,246.25,10.42,7.44
98.03,240.77,10.03,8.06
89.31,217.11,7.89,7.56
99.04,263.18,9.61,7.41
109.5,299.96,10.93,7.7
136.92,370.21,13.24,8.48
102.24,244.35,9.76,8.38
113.36,279.21,11.0,8.1
109.75,240.72,11.12,7.39
127.83,303.45,12.69,7.92
147.9,389.06,13.67,8.12
102.04,287.4,9.14,8.07
102.66,231.96,9.96,7.26
125.66,302.31,12.8,7.64
120.23,300.04,10.65,7.97
137.7,349.85,13.52,8.21
118.76,280.71,11.61,7.12
104.61,270.01,11.16,7.94
118.86,287.67,11.69,8.06
126.63,316.29,12.85,8.34
122.31,316.69,12.3,8.28
117.61,294.15,10.7,8.23
126.0,306.27,12.98,7.68
127.54,316.66,12.86,7.24
130.73,325.06,13.33,7.84
119.73,291.93,13.94,8.4
107.49,263.56,9.71,8.56
112.2,312.47,12.08,8.28
128.1,331.46,12.67,8.17
97.75,238.46,9.92,8.15
115.53,302.76,11.53,7.78
104.1,253.57,10.2,7.95
110.43,299.54,10.76,8.67
129.18,330.33,13.08,7.62
112.87,280.02,10.53,8.65
110.7,285.7,11.44,7.87
89.6,192.59,8.75,8.53
121.19,280.45,11.55,7.44
119.68,275.33,11.74,8.23
142.45,358.98,14.87,7.71
105.38,298.11,10.27,7.43
113.29,327.84,11.51,8.09
113.74,297.11,11.01,8.4
133.66,344.17,13.75,7.66
108.57,235.41,11.2,7.4
114.19,274.61,12.34,7.96
119.12,282.04,11.82,7.97
112.8,269.58,11.61,8.22
103.3,254.9,10.38,8.38
112.91,272.84,11.94,7.98
126.1,275.68,12.25,8.74
94.6,251.46,9.83,8.09
111.99,258.53,11.1,7.86
99.5,253.53,9.92,7.36
127.93,361.3,12.84,7.89
87.15,199.49,8.84,7.87
101.62,203.43,10.1,8.38
115.66,283.43,11.67,8.18
133.48,355.73,14.14,7.53
109.01,311.7,11.39,8.07
101.67,229.59,10.6,8.27
138.22,355.48,13.59,8.61
88.28,211.39,8.38,8.36
77.02,190.43,8.18,8.3
116.6,344.39,12.1,8.02
102.47,226.11,10.98,8.16
94.68,241.78,9.17,8.5
120.63,310.92,11.95,7.47
113.66,305.86,10.55,7.86
101.54,255.81,9.96,7.69
90.8,233.15,9.58,8.15
123.09,299.88,12.08,8.49
119.75,304.77,12.3,7.76
108.51,264.42,10.76,7.04
137.7,356.68,13.93,7.84
93.95,227.48,8.82,8.37
87.12,225.33,8.75,8.22
99.62,248.47,8.47,8.17
109.32,295.81,10.84,7.89
113.65,283.1,10.55,7.49
106.38,230.49,11.24,8.21
115.28,313.44,11.92,7.67
91.23,209.95,9.36,8.87
131.66,316.07,13.93,8.23
108.77,260.01,10.4,7.77
126.76,344.39,13.55,7.76
115.14,245.14,11.98,7.96
116.85,354.88,11.57,7.9
118.55,317.49,12.42,8.45
116.72,296.25,11.12,8.07
119.64,298.0,11.55,7.71
129.94,330.55,12.69,8.76
112.95,292.79,11.03,8.02
120.64,314.49,11.54,8.31
108.65,282.75,11.48,7.76
131.6,330.8,13.03,8.15
99.85,245.69,10.16,8.12
137.01,339.51,13.42,7.24
109.4,269.6,10.03,8.81
88.54,244.02,8.99,8.52
111.92,291.68,10.24,7.84
99.78,190.65,9.94,7.56
122.61,319.64,11.58,8.14
100.21,254.42,11.01,8.03
103.31,257.89,10.79,8.14
81.66,196.37,8.22,8.08
103.22,280.52,10.95,8.2
73.64,203.06,6.94,8.58
86.24,200.15,8.9,8.23
121.41,311.66,12.24,7.58
121.79,285.03,12.31,8.55
116.38,263.36,12.27,8.66
95.5,226.2,9.92,9.26
109.28,290.46,11.07,7.55
109.95,293.93,10.17,8.1
92.62,241.82,8.78,7.17
132.55,345.88,13.19,8.22
123.16,318.22,12.36,7.78
106.69,253.88,10.1,8.77
110.4,284.65,12.25,7.69
113.13,298.82,12.07,7.32
79.37,213.52,8.24,7.81
106.29,289.51,10.67,7.21
99.77,263.59,9.87,8.3
94.98,244.47,9.02,7.17
105.78,285.86,10.62,8.01
136.97,341.88,13.83,7.17
119.61,281.39,11.34,7.87
101.43,250.32,10.31,8.66
118.59,281.57,11.78,8.14
